{
  "project_info": {
    "project_number": "871812808392",
    "firebase_url": "https://login-demo-d4ae3.firebaseio.com",
    "project_id": "login-demo-d4ae3",
    "storage_bucket": "login-demo-d4ae3.appspot.com"
  },
  "client": [
    {
      "client_info": {
        "mobilesdk_app_id": "1:871812808392:android:c2406788948fece9",
        "android_client_info": {
          "package_name": "com.mylesd.logindemo"
        }
      },
      "oauth_client": [
        {
          "client_id": "871812808392-hbc88qfp6h36obanrfa8p6vd9lq6krlc.apps.googleusercontent.com",
          "client_type": 3
        }
      ],
      "api_key": [
        {
          "current_key": "AIzaSyCR80mPRPxUMHyqT3gwxZe73AnBSdkvKUY"
        }
      ],
      "services": {
        "analytics_service": {
          "status": 1
        },
        "appinvite_service": {
          "status": 1,
          "other_platform_oauth_client": []
        },
        "ads_service": {
          "status": 2
        }
      }
    }
  ],
  "configuration_version": "1"
}